fold,validation_start,validation_end,candidate,status,profile,initial_cash,leverage,base_risk_pct,max_risk_pct,candidates,allowed_candidates,executed_trades,skipped,skipped_no_risk,skipped_max_positions,skipped_symbol_limit,skipped_cash,skipped_daily_halt,skipped_weekly_halt,final_cash,ret_pct,max_dd_pct,pf,winrate,max_loss_streak,symbols_traded,symbols_positive,total_fees,avg_risk_pct,trades,gross_profit,gross_loss,net_pnl,pooled_pf,risk_state_counts
fold_01,2025-01-31T00:00:00,2025-03-23T14:22:30,FLAT72_15M_BASELINE_CONTROL,OK,research_500,500.0,20.0,0.005,0.005,121,13,13,0,0,0,0,0,0,0,480.15,-3.97,6.1,0.3566,15.38,9,9,2,3.225,0.005,13,10.10752564,28.34373352,-18.23620788,0.3566053016117405,"{""adverse"": 85, ""neutral"": 97, ""supportive"": 11}"
fold_02,2025-03-23T14:22:30,2025-05-14T04:45:00,FLAT72_15M_BASELINE_CONTROL,OK,research_500,500.0,20.0,0.005,0.005,281,29,26,3,0,3,0,0,0,0,475.9,-4.82,11.31,0.6746,30.77,6,17,5,16.1375,0.005,26,33.22033489,49.24696522,-16.02663033,0.6745661329663593,"{""adverse"": 144, ""neutral"": 193, ""supportive"": 15}"
fold_03,2025-05-14T04:45:00,2025-07-04T19:07:30,FLAT72_15M_BASELINE_CONTROL,OK,research_500,500.0,20.0,0.005,0.005,163,49,33,16,0,10,1,0,5,0,461.24,-7.75,18.11,0.5676,24.24,16,18,7,18.4455,0.005,33,38.7665764,68.29993633,-29.53335993,0.5675931558175197,"{""adverse"": 100, ""neutral"": 195, ""supportive"": 17}"
fold_04,2025-07-04T19:07:30,2025-08-25T09:30:00,FLAT72_15M_BASELINE_CONTROL,OK,research_500,500.0,20.0,0.005,0.005,288,34,28,6,0,5,1,0,0,0,479.63,-4.07,10.37,0.7647,32.14,5,17,7,15.5801,0.005,28,40.87820138,53.45642136,-12.57821998,0.7647014210636274,"{""adverse"": 131, ""neutral"": 211, ""supportive"": 12}"
fold_05,2025-08-25T09:30:00,2025-10-15T23:52:30,FLAT72_15M_BASELINE_CONTROL,OK,research_500,500.0,20.0,0.005,0.005,191,92,52,40,0,37,1,0,2,0,431.61,-13.68,21.81,0.5362,25.0,8,20,4,37.5198,0.005,52,57.37081871,106.99968464,-49.62886593,0.5361774560389004,"{""adverse"": 116, ""neutral"": 160, ""supportive"": 16}"
fold_06,2025-10-15T23:52:30,2025-12-06T14:15:00,FLAT72_15M_BASELINE_CONTROL,OK,research_500,500.0,20.0,0.005,0.005,122,43,34,9,0,7,2,0,0,0,495.41,-0.92,12.81,1.144,41.18,6,18,9,24.6523,0.005,34,61.44180427,53.70869095,7.73311331,1.1439825320048305,"{""adverse"": 81, ""neutral"": 127, ""supportive"": 10}"
fold_07,2025-12-06T14:15:00,2026-01-27T04:37:30,FLAT72_15M_BASELINE_CONTROL,OK,research_500,500.0,20.0,0.005,0.005,161,106,60,46,0,29,4,0,13,0,449.96,-10.01,18.25,0.7295,31.67,14,28,9,38.6344,0.005,60,82.83026852,113.55146713,-30.72119861,0.7294513282016415,"{""adverse"": 85, ""neutral"": 120, ""supportive"": 6}"
fold_08,2026-01-27T04:37:30,2026-03-19T19:00:00,FLAT72_15M_BASELINE_CONTROL,OK,research_500,500.0,20.0,0.005,0.005,175,37,15,22,0,19,1,0,2,0,464.32,-7.14,10.36,0.1285,6.67,13,11,1,6.7723,0.005,15,4.76286981,37.05895414,-32.29608433,0.12852143083443038,"{""adverse"": 70, ""neutral"": 160, ""supportive"": 8}"
fold_09,2026-03-19T19:00:00,2026-05-10T09:22:30,FLAT72_15M_BASELINE_CONTROL,OK,research_500,500.0,20.0,0.005,0.005,224,31,25,6,0,5,1,0,0,0,504.77,0.95,7.61,1.2702,40.0,5,15,9,11.8124,0.005,25,50.17674308,39.50273081,10.67401227,1.2702094779632214,"{""adverse"": 100, ""neutral"": 223, ""supportive"": 15}"
fold_10,2026-05-10T09:22:30,2026-06-30T23:45:00,FLAT72_15M_BASELINE_CONTROL,OK,research_500,500.0,20.0,0.005,0.005,86,45,38,7,0,3,0,0,4,0,466.47,-6.71,14.1,0.678,28.95,10,17,4,19.5972,0.005,38,49.96669675,73.69937233,-23.73267559,0.6779799496962103,"{""adverse"": 79, ""neutral"": 100, ""supportive"": 6}"
fold_01,2025-01-31T00:00:00,2025-03-23T14:22:30,SOFT_RISK_075_ON_ADVERSE,OK,research_500,500.0,20.0,0.005,0.005,121,13,13,0,0,0,0,0,0,0,482.16,-3.57,5.71,0.3829,15.38,9,9,2,3.0284,0.004712,13,10.12819188,26.45250076,-16.32430889,0.3828822070773192,"{""adverse"": 85, ""neutral"": 97, ""supportive"": 11}"
fold_02,2025-03-23T14:22:30,2025-05-14T04:45:00,SOFT_RISK_075_ON_ADVERSE,OK,research_500,500.0,20.0,0.005,0.005,281,29,26,3,0,3,0,0,0,0,479.27,-4.15,10.81,0.7077,30.77,6,17,5,14.7005,0.004712,26,32.37837544,45.75390485,-13.37552941,0.7076636528760675,"{""adverse"": 144, ""neutral"": 193, ""supportive"": 15}"
fold_03,2025-05-14T04:45:00,2025-07-04T19:07:30,SOFT_RISK_075_ON_ADVERSE,OK,research_500,500.0,20.0,0.005,0.005,163,49,35,14,0,10,1,0,3,0,461.49,-7.7,15.57,0.5669,22.86,16,19,8,18.0834,0.004714,35,38.56410892,68.02797007,-29.46386115,0.5668860747002631,"{""adverse"": 100, ""neutral"": 195, ""supportive"": 17}"
fold_04,2025-07-04T19:07:30,2025-08-25T09:30:00,SOFT_RISK_075_ON_ADVERSE,OK,research_500,500.0,20.0,0.005,0.005,288,34,28,6,0,5,1,0,0,0,484.89,-3.02,10.15,0.8311,32.14,5,17,7,14.0307,0.004598,28,39.8386776,47.93732425,-8.09864665,0.831057599063106,"{""adverse"": 131, ""neutral"": 211, ""supportive"": 12}"
fold_05,2025-08-25T09:30:00,2025-10-15T23:52:30,SOFT_RISK_075_ON_ADVERSE,OK,research_500,500.0,20.0,0.005,0.005,191,92,54,38,0,37,1,0,0,0,436.99,-12.6,19.62,0.5494,25.93,8,20,4,35.0584,0.00456,54,55.45686578,100.93524173,-45.47837595,0.5494301577078765,"{""adverse"": 116, ""neutral"": 160, ""supportive"": 16}"
fold_06,2025-10-15T23:52:30,2025-12-06T14:15:00,SOFT_RISK_075_ON_ADVERSE,OK,research_500,500.0,20.0,0.005,0.005,122,43,34,9,0,7,2,0,0,0,494.37,-1.13,11.36,1.1087,41.18,6,18,8,21.8795,0.004485,34,54.15785926,48.84920979,5.30864947,1.1086742137872363,"{""adverse"": 81, ""neutral"": 127, ""supportive"": 10}"
fold_07,2025-12-06T14:15:00,2026-01-27T04:37:30,SOFT_RISK_075_ON_ADVERSE,OK,research_500,500.0,20.0,0.005,0.005,161,106,60,46,0,29,4,0,13,0,454.39,-9.12,16.7,0.73,31.67,14,28,9,35.1231,0.004583,60,75.85880761,103.91214746,-28.05333985,0.7300282927577195,"{""adverse"": 85, ""neutral"": 120, ""supportive"": 6}"
fold_08,2026-01-27T04:37:30,2026-03-19T19:00:00,SOFT_RISK_075_ON_ADVERSE,OK,research_500,500.0,20.0,0.005,0.005,175,37,15,22,0,19,1,0,2,0,465.75,-6.85,10.09,0.1332,6.67,13,11,1,6.5093,0.004833,15,4.76286981,35.76047392,-30.99760411,0.13318810657505256,"{""adverse"": 70, ""neutral"": 160, ""supportive"": 8}"
fold_09,2026-03-19T19:00:00,2026-05-10T09:22:30,SOFT_RISK_075_ON_ADVERSE,OK,research_500,500.0,20.0,0.005,0.005,224,31,25,6,0,5,1,0,0,0,499.49,-0.1,7.22,1.1299,40.0,5,15,9,10.4979,0.0044,25,41.2554538,36.5138774,4.7415764,1.1298568308950723,"{""adverse"": 100, ""neutral"": 223, ""supportive"": 15}"
fold_10,2026-05-10T09:22:30,2026-06-30T23:45:00,SOFT_RISK_075_ON_ADVERSE,OK,research_500,500.0,20.0,0.005,0.005,86,45,38,7,0,3,0,0,4,0,468.92,-6.22,13.13,0.658,28.95,10,17,4,17.0599,0.004441,38,43.38442622,65.93287123,-22.548445,0.6580090540075683,"{""adverse"": 79, ""neutral"": 100, ""supportive"": 6}"
fold_01,2025-01-31T00:00:00,2025-03-23T14:22:30,SOFT_RISK_050_ON_ADVERSE,OK,research_500,500.0,20.0,0.005,0.005,121,13,13,0,0,0,0,0,0,0,484.18,-3.16,5.31,0.4133,15.38,9,9,2,2.8312,0.004423,13,10.14892495,24.55515916,-14.40623421,0.41331130796060866,"{""adverse"": 85, ""neutral"": 97, ""supportive"": 11}"
fold_02,2025-03-23T14:22:30,2025-05-14T04:45:00,SOFT_RISK_050_ON_ADVERSE,OK,research_500,500.0,20.0,0.005,0.005,281,29,26,3,0,3,0,0,0,0,482.66,-3.47,10.31,0.7464,30.77,6,17,5,13.2557,0.004423,26,31.53016686,42.24333597,-10.7131691,0.7463938664073908,"{""adverse"": 144, ""neutral"": 193, ""supportive"": 15}"
fold_03,2025-05-14T04:45:00,2025-07-04T19:07:30,SOFT_RISK_050_ON_ADVERSE,OK,research_500,500.0,20.0,0.005,0.005,163,49,36,13,0,12,1,0,0,0,465.06,-6.99,13.03,0.5929,22.22,16,19,8,16.8506,0.004444,36,38.61733413,65.13367778,-26.51634365,0.5928934990667943,"{""adverse"": 100, ""neutral"": 195, ""supportive"": 17}"
fold_04,2025-07-04T19:07:30,2025-08-25T09:30:00,SOFT_RISK_050_ON_ADVERSE,OK,research_500,500.0,20.0,0.005,0.005,288,34,28,6,0,5,1,0,0,0,490.19,-1.96,9.96,0.9154,32.14,5,17,8,12.4609,0.004196,28,38.78174978,42.36484003,-3.58309025,0.91542301943094,"{""adverse"": 131, ""neutral"": 211, ""supportive"": 12}"
fold_05,2025-08-25T09:30:00,2025-10-15T23:52:30,SOFT_RISK_050_ON_ADVERSE,OK,research_500,500.0,20.0,0.005,0.005,191,92,54,38,0,37,1,0,0,0,441.59,-11.68,19.05,0.5331,25.93,8,20,4,30.9758,0.00412,54,48.99886175,91.91604042,-42.91717867,0.5330828169448552,"{""adverse"": 116, ""neutral"": 160, ""supportive"": 16}"
fold_06,2025-10-15T23:52:30,2025-12-06T14:15:00,SOFT_RISK_050_ON_ADVERSE,OK,research_500,500.0,20.0,0.005,0.005,122,43,34,9,0,7,2,0,0,0,493.29,-1.34,10.11,1.0645,41.18,6,18,7,19.0909,0.003971,34,46.80683813,43.97003545,2.83680268,1.0645167249257166,"{""adverse"": 81, ""neutral"": 127, ""supportive"": 10}"
fold_07,2025-12-06T14:15:00,2026-01-27T04:37:30,SOFT_RISK_050_ON_ADVERSE,OK,research_500,500.0,20.0,0.005,0.005,161,106,59,47,0,28,4,0,15,0,460.32,-7.94,14.83,0.7413,32.2,14,27,10,31.2666,0.004195,59,68.89068766,92.93412509,-24.04343743,0.7412851586193685,"{""adverse"": 85, ""neutral"": 120, ""supportive"": 6}"
fold_08,2026-01-27T04:37:30,2026-03-19T19:00:00,SOFT_RISK_050_ON_ADVERSE,OK,research_500,500.0,20.0,0.005,0.005,175,37,15,22,0,19,1,0,2,0,467.18,-6.56,9.81,0.1382,6.67,13,11,1,6.246,0.004667,15,4.76286981,34.45992294,-29.69705313,0.1382147551530809,"{""adverse"": 70, ""neutral"": 160, ""supportive"": 8}"
fold_09,2026-03-19T19:00:00,2026-05-10T09:22:30,SOFT_RISK_050_ON_ADVERSE,OK,research_500,500.0,20.0,0.005,0.005,224,31,25,6,0,5,1,0,0,0,494.24,-1.15,7.53,0.9651,40.0,5,15,6,9.1834,0.0038,25,32.35719108,33.52636795,-1.16917687,0.9651266468089745,"{""adverse"": 100, ""neutral"": 223, ""supportive"": 15}"
fold_10,2026-05-10T09:22:30,2026-06-30T23:45:00,SOFT_RISK_050_ON_ADVERSE,OK,research_500,500.0,20.0,0.005,0.005,86,45,38,7,0,3,0,0,4,0,471.38,-5.72,12.15,0.6329,28.95,10,17,5,14.5244,0.003882,38,36.81613884,58.17281419,-21.35667534,0.6328753277359325,"{""adverse"": 79, ""neutral"": 100, ""supportive"": 6}"
fold_01,2025-01-31T00:00:00,2025-03-23T14:22:30,SOFT_DELAY_ONE_5M_IF_ADVERSE,OK,research_500,500.0,20.0,0.005,0.005,121,15,15,0,0,0,0,0,0,0,487.12,-2.58,4.93,0.5746,33.33,7,12,4,3.714,0.005,15,14.89228953,25.91804504,-11.02575551,0.5745915445602956,"{""adverse"": 85, ""neutral"": 97, ""supportive"": 11}"
fold_02,2025-03-23T14:22:30,2025-05-14T04:45:00,SOFT_DELAY_ONE_5M_IF_ADVERSE,OK,research_500,500.0,20.0,0.005,0.005,281,46,30,16,0,6,0,0,10,0,465.94,-6.81,11.77,0.498,30.0,8,17,4,12.1928,0.005,30,27.73546691,55.69874578,-27.96327887,0.49795496328034805,"{""adverse"": 144, ""neutral"": 193, ""supportive"": 15}"
fold_03,2025-05-14T04:45:00,2025-07-04T19:07:30,SOFT_DELAY_ONE_5M_IF_ADVERSE,OK,research_500,500.0,20.0,0.005,0.005,163,59,43,16,0,10,1,0,5,0,438.83,-12.23,22.06,0.4665,20.93,17,19,6,24.5075,0.005,43,42.77328937,91.69082128,-48.91753191,0.466494778569493,"{""adverse"": 100, ""neutral"": 195, ""supportive"": 17}"
fold_04,2025-07-04T19:07:30,2025-08-25T09:30:00,SOFT_DELAY_ONE_5M_IF_ADVERSE,OK,research_500,500.0,20.0,0.005,0.005,288,38,26,12,0,11,1,0,0,0,499.64,-0.07,10.35,1.1559,42.31,5,16,9,14.1491,0.005,26,49.80932271,43.09198175,6.71734097,1.1558837791785828,"{""adverse"": 131, ""neutral"": 211, ""supportive"": 12}"
fold_05,2025-08-25T09:30:00,2025-10-15T23:52:30,SOFT_DELAY_ONE_5M_IF_ADVERSE,OK,research_500,500.0,20.0,0.005,0.005,191,71,39,32,0,31,1,0,0,0,443.13,-11.37,19.18,0.4671,25.64,6,19,6,28.2159,0.005,39,37.4889059,80.25229261,-42.76338671,0.46713813002268717,"{""adverse"": 116, ""neutral"": 160, ""supportive"": 16}"
fold_06,2025-10-15T23:52:30,2025-12-06T14:15:00,SOFT_DELAY_ONE_5M_IF_ADVERSE,OK,research_500,500.0,20.0,0.005,0.005,122,36,28,8,0,6,2,0,0,0,476.19,-4.76,14.58,0.7228,32.14,6,16,6,19.3206,0.005,28,36.87933191,51.0258975,-14.14656559,0.7227571432363752,"{""adverse"": 81, ""neutral"": 127, ""supportive"": 10}"
fold_07,2025-12-06T14:15:00,2026-01-27T04:37:30,SOFT_DELAY_ONE_5M_IF_ADVERSE,OK,research_500,500.0,20.0,0.005,0.005,161,122,65,57,0,35,4,0,18,0,433.52,-13.3,19.41,0.661,30.77,9,27,11,48.6063,0.005,65,82.25172436,124.43098225,-42.17925788,0.6610228648852905,"{""adverse"": 85, ""neutral"": 120, ""supportive"": 6}"
fold_08,2026-01-27T04:37:30,2026-03-19T19:00:00,SOFT_DELAY_ONE_5M_IF_ADVERSE,OK,research_500,500.0,20.0,0.005,0.005,175,38,15,23,0,19,1,0,3,0,464.26,-7.15,10.37,0.1284,6.67,13,11,1,6.8339,0.005,15,4.76286981,37.08786761,-32.32499779,0.12842123634649552,"{""adverse"": 70, ""neutral"": 160, ""supportive"": 8}"
fold_09,2026-03-19T19:00:00,2026-05-10T09:22:30,SOFT_DELAY_ONE_5M_IF_ADVERSE,OK,research_500,500.0,20.0,0.005,0.005,224,26,22,4,0,3,1,0,0,0,498.44,-0.31,6.63,1.0942,40.91,5,15,7,9.5035,0.005,22,37.04854107,33.8601652,3.18837586,1.094163033272201,"{""adverse"": 100, ""neutral"": 223, ""supportive"": 15}"
fold_10,2026-05-10T09:22:30,2026-06-30T23:45:00,SOFT_DELAY_ONE_5M_IF_ADVERSE,OK,research_500,500.0,20.0,0.005,0.005,86,43,38,5,0,2,0,0,3,0,463.96,-7.21,13.35,0.626,28.95,9,17,5,17.8971,0.005,38,45.34140445,72.43574386,-27.09433941,0.6259534594056649,"{""adverse"": 79, ""neutral"": 100, ""supportive"": 6}"
fold_01,2025-01-31T00:00:00,2025-03-23T14:22:30,SOFT_SUPPORTIVE_110_ADVERSE_060,OK,research_500,500.0,20.0,0.005,0.005,121,13,13,0,0,0,0,0,0,0,485.11,-2.98,4.82,0.3883,15.38,9,9,2,2.5513,0.003962,13,8.6412718,22.25345345,-13.61218165,0.38831149599634457,"{""adverse"": 85, ""neutral"": 97, ""supportive"": 11}"
fold_02,2025-03-23T14:22:30,2025-05-14T04:45:00,SOFT_SUPPORTIVE_110_ADVERSE_060,OK,research_500,500.0,20.0,0.005,0.005,281,29,26,3,0,3,0,0,0,0,481.21,-3.76,9.31,0.6864,30.77,6,17,5,12.5118,0.004077,26,27.4446346,39.98165682,-12.53702222,0.6864306479524993,"{""adverse"": 144, ""neutral"": 193, ""supportive"": 15}"
fold_03,2025-05-14T04:45:00,2025-07-04T19:07:30,SOFT_SUPPORTIVE_110_ADVERSE_060,OK,research_500,500.0,20.0,0.005,0.005,163,49,36,13,0,12,1,0,0,0,464.84,-7.03,13.14,0.5449,22.22,16,19,8,15.6476,0.004014,36,32.73519383,60.07142778,-27.33623394,0.5449378356030489,"{""adverse"": 100, ""neutral"": 195, ""supportive"": 17}"
fold_04,2025-07-04T19:07:30,2025-08-25T09:30:00,SOFT_SUPPORTIVE_110_ADVERSE_060,OK,research_500,500.0,20.0,0.005,0.005,288,34,28,6,0,5,1,0,0,0,487.96,-2.41,8.71,0.8454,32.14,5,17,8,11.7117,0.003848,28,33.78877446,39.96865622,-6.17988176,0.8453817980549776,"{""adverse"": 131, ""neutral"": 211, ""supportive"": 12}"
fold_05,2025-08-25T09:30:00,2025-10-15T23:52:30,SOFT_SUPPORTIVE_110_ADVERSE_060,OK,research_500,500.0,20.0,0.005,0.005,191,92,54,38,0,37,1,0,0,0,446.02,-10.8,17.01,0.5454,25.93,8,20,4,29.626,0.003866,54,46.98762203,86.1551415,-39.16751947,0.5453838414065011,"{""adverse"": 116, ""neutral"": 160, ""supportive"": 16}"
fold_06,2025-10-15T23:52:30,2025-12-06T14:15:00,SOFT_SUPPORTIVE_110_ADVERSE_060,OK,research_500,500.0,20.0,0.005,0.005,122,43,34,9,0,7,2,0,0,0,495.08,-0.98,9.6,1.1023,41.18,6,18,8,18.1975,0.003735,34,44.98611876,40.81211233,4.17400643,1.102273717032595,"{""adverse"": 81, ""neutral"": 127, ""supportive"": 10}"
fold_07,2025-12-06T14:15:00,2026-01-27T04:37:30,SOFT_SUPPORTIVE_110_ADVERSE_060,OK,research_500,500.0,20.0,0.005,0.005,161,106,65,41,0,31,4,0,6,0,478.69,-4.26,11.01,0.9456,36.92,7,28,11,33.057,0.003877,65,82.99131946,87.76985224,-4.77853278,0.9455561032231364,"{""adverse"": 85, ""neutral"": 120, ""supportive"": 6}"
fold_08,2026-01-27T04:37:30,2026-03-19T19:00:00,SOFT_SUPPORTIVE_110_ADVERSE_060,OK,research_500,500.0,20.0,0.005,0.005,175,37,15,22,0,19,1,0,2,0,470.97,-5.81,8.6,0.1336,6.67,13,11,1,5.5078,0.004083,15,4.05276848,30.32455591,-26.27178743,0.13364642475790922,"{""adverse"": 70, ""neutral"": 160, ""supportive"": 8}"
fold_09,2026-03-19T19:00:00,2026-05-10T09:22:30,SOFT_SUPPORTIVE_110_ADVERSE_060,OK,research_500,500.0,20.0,0.005,0.005,224,31,25,6,0,5,1,0,0,0,498.33,-0.33,6.32,1.0884,40.0,5,15,9,8.825,0.00368,25,33.75701511,31.01566284,2.74135227,1.0883860610063718,"{""adverse"": 100, ""neutral"": 223, ""supportive"": 15}"
fold_10,2026-05-10T09:22:30,2026-06-30T23:45:00,SOFT_SUPPORTIVE_110_ADVERSE_060,OK,research_500,500.0,20.0,0.005,0.005,86,45,39,6,0,3,0,0,3,0,470.25,-5.95,11.84,0.62,28.21,11,18,4,15.4226,0.003724,39,35.95107193,57.99023882,-22.03916689,0.6199504030325046,"{""adverse"": 79, ""neutral"": 100, ""supportive"": 6}"
