fold,candidate,validation_start,validation_end,base_plans,generated_trades,overlay_counts
fold_01,FLAT72_15M_BASELINE_CONTROL,2025-01-31T00:00:00,2025-03-23T14:22:30,193,193,"{""adverse"": 85, ""delay_not_requested"": 193, ""neutral"": 97, ""supportive"": 11}"
fold_01,SOFT_RISK_075_ON_ADVERSE,2025-01-31T00:00:00,2025-03-23T14:22:30,193,193,"{""adverse"": 85, ""delay_not_requested"": 193, ""neutral"": 97, ""supportive"": 11}"
fold_01,SOFT_RISK_050_ON_ADVERSE,2025-01-31T00:00:00,2025-03-23T14:22:30,193,193,"{""adverse"": 85, ""delay_not_requested"": 193, ""neutral"": 97, ""supportive"": 11}"
fold_01,SOFT_DELAY_ONE_5M_IF_ADVERSE,2025-01-31T00:00:00,2025-03-23T14:22:30,193,193,"{""adverse"": 85, ""delay_applied"": 68, ""delay_fallback_invalid_levels"": 17, ""delay_not_requested"": 108, ""neutral"": 97, ""supportive"": 11}"
fold_01,SOFT_SUPPORTIVE_110_ADVERSE_060,2025-01-31T00:00:00,2025-03-23T14:22:30,193,193,"{""adverse"": 85, ""delay_not_requested"": 193, ""neutral"": 97, ""supportive"": 11}"
fold_02,FLAT72_15M_BASELINE_CONTROL,2025-03-23T14:22:30,2025-05-14T04:45:00,352,352,"{""adverse"": 144, ""delay_not_requested"": 352, ""neutral"": 193, ""supportive"": 15}"
fold_02,SOFT_RISK_075_ON_ADVERSE,2025-03-23T14:22:30,2025-05-14T04:45:00,352,352,"{""adverse"": 144, ""delay_not_requested"": 352, ""neutral"": 193, ""supportive"": 15}"
fold_02,SOFT_RISK_050_ON_ADVERSE,2025-03-23T14:22:30,2025-05-14T04:45:00,352,352,"{""adverse"": 144, ""delay_not_requested"": 352, ""neutral"": 193, ""supportive"": 15}"
fold_02,SOFT_DELAY_ONE_5M_IF_ADVERSE,2025-03-23T14:22:30,2025-05-14T04:45:00,352,352,"{""adverse"": 144, ""delay_applied"": 132, ""delay_fallback_invalid_levels"": 12, ""delay_not_requested"": 208, ""neutral"": 193, ""supportive"": 15}"
fold_02,SOFT_SUPPORTIVE_110_ADVERSE_060,2025-03-23T14:22:30,2025-05-14T04:45:00,352,352,"{""adverse"": 144, ""delay_not_requested"": 352, ""neutral"": 193, ""supportive"": 15}"
fold_03,FLAT72_15M_BASELINE_CONTROL,2025-05-14T04:45:00,2025-07-04T19:07:30,312,312,"{""adverse"": 100, ""delay_not_requested"": 312, ""neutral"": 195, ""supportive"": 17}"
fold_03,SOFT_RISK_075_ON_ADVERSE,2025-05-14T04:45:00,2025-07-04T19:07:30,312,312,"{""adverse"": 100, ""delay_not_requested"": 312, ""neutral"": 195, ""supportive"": 17}"
fold_03,SOFT_RISK_050_ON_ADVERSE,2025-05-14T04:45:00,2025-07-04T19:07:30,312,312,"{""adverse"": 100, ""delay_not_requested"": 312, ""neutral"": 195, ""supportive"": 17}"
fold_03,SOFT_DELAY_ONE_5M_IF_ADVERSE,2025-05-14T04:45:00,2025-07-04T19:07:30,312,312,"{""adverse"": 100, ""delay_applied"": 95, ""delay_fallback_invalid_levels"": 5, ""delay_not_requested"": 212, ""neutral"": 195, ""supportive"": 17}"
fold_03,SOFT_SUPPORTIVE_110_ADVERSE_060,2025-05-14T04:45:00,2025-07-04T19:07:30,312,312,"{""adverse"": 100, ""delay_not_requested"": 312, ""neutral"": 195, ""supportive"": 17}"
fold_04,FLAT72_15M_BASELINE_CONTROL,2025-07-04T19:07:30,2025-08-25T09:30:00,354,354,"{""adverse"": 131, ""delay_not_requested"": 354, ""neutral"": 211, ""supportive"": 12}"
fold_04,SOFT_RISK_075_ON_ADVERSE,2025-07-04T19:07:30,2025-08-25T09:30:00,354,354,"{""adverse"": 131, ""delay_not_requested"": 354, ""neutral"": 211, ""supportive"": 12}"
fold_04,SOFT_RISK_050_ON_ADVERSE,2025-07-04T19:07:30,2025-08-25T09:30:00,354,354,"{""adverse"": 131, ""delay_not_requested"": 354, ""neutral"": 211, ""supportive"": 12}"
fold_04,SOFT_DELAY_ONE_5M_IF_ADVERSE,2025-07-04T19:07:30,2025-08-25T09:30:00,354,354,"{""adverse"": 131, ""delay_applied"": 125, ""delay_fallback_invalid_levels"": 6, ""delay_not_requested"": 223, ""neutral"": 211, ""supportive"": 12}"
fold_04,SOFT_SUPPORTIVE_110_ADVERSE_060,2025-07-04T19:07:30,2025-08-25T09:30:00,354,354,"{""adverse"": 131, ""delay_not_requested"": 354, ""neutral"": 211, ""supportive"": 12}"
fold_05,FLAT72_15M_BASELINE_CONTROL,2025-08-25T09:30:00,2025-10-15T23:52:30,292,292,"{""adverse"": 116, ""delay_not_requested"": 292, ""neutral"": 160, ""supportive"": 16}"
fold_05,SOFT_RISK_075_ON_ADVERSE,2025-08-25T09:30:00,2025-10-15T23:52:30,292,292,"{""adverse"": 116, ""delay_not_requested"": 292, ""neutral"": 160, ""supportive"": 16}"
fold_05,SOFT_RISK_050_ON_ADVERSE,2025-08-25T09:30:00,2025-10-15T23:52:30,292,292,"{""adverse"": 116, ""delay_not_requested"": 292, ""neutral"": 160, ""supportive"": 16}"
fold_05,SOFT_DELAY_ONE_5M_IF_ADVERSE,2025-08-25T09:30:00,2025-10-15T23:52:30,292,292,"{""adverse"": 116, ""delay_applied"": 111, ""delay_fallback_invalid_levels"": 5, ""delay_not_requested"": 176, ""neutral"": 160, ""supportive"": 16}"
fold_05,SOFT_SUPPORTIVE_110_ADVERSE_060,2025-08-25T09:30:00,2025-10-15T23:52:30,292,292,"{""adverse"": 116, ""delay_not_requested"": 292, ""neutral"": 160, ""supportive"": 16}"
fold_06,FLAT72_15M_BASELINE_CONTROL,2025-10-15T23:52:30,2025-12-06T14:15:00,218,218,"{""adverse"": 81, ""delay_not_requested"": 218, ""neutral"": 127, ""supportive"": 10}"
fold_06,SOFT_RISK_075_ON_ADVERSE,2025-10-15T23:52:30,2025-12-06T14:15:00,218,218,"{""adverse"": 81, ""delay_not_requested"": 218, ""neutral"": 127, ""supportive"": 10}"
fold_06,SOFT_RISK_050_ON_ADVERSE,2025-10-15T23:52:30,2025-12-06T14:15:00,218,218,"{""adverse"": 81, ""delay_not_requested"": 218, ""neutral"": 127, ""supportive"": 10}"
fold_06,SOFT_DELAY_ONE_5M_IF_ADVERSE,2025-10-15T23:52:30,2025-12-06T14:15:00,218,218,"{""adverse"": 81, ""delay_applied"": 76, ""delay_fallback_invalid_levels"": 5, ""delay_not_requested"": 137, ""neutral"": 127, ""supportive"": 10}"
fold_06,SOFT_SUPPORTIVE_110_ADVERSE_060,2025-10-15T23:52:30,2025-12-06T14:15:00,218,218,"{""adverse"": 81, ""delay_not_requested"": 218, ""neutral"": 127, ""supportive"": 10}"
fold_07,FLAT72_15M_BASELINE_CONTROL,2025-12-06T14:15:00,2026-01-27T04:37:30,211,211,"{""adverse"": 85, ""delay_not_requested"": 211, ""neutral"": 120, ""supportive"": 6}"
fold_07,SOFT_RISK_075_ON_ADVERSE,2025-12-06T14:15:00,2026-01-27T04:37:30,211,211,"{""adverse"": 85, ""delay_not_requested"": 211, ""neutral"": 120, ""supportive"": 6}"
fold_07,SOFT_RISK_050_ON_ADVERSE,2025-12-06T14:15:00,2026-01-27T04:37:30,211,211,"{""adverse"": 85, ""delay_not_requested"": 211, ""neutral"": 120, ""supportive"": 6}"
fold_07,SOFT_DELAY_ONE_5M_IF_ADVERSE,2025-12-06T14:15:00,2026-01-27T04:37:30,211,211,"{""adverse"": 85, ""delay_applied"": 75, ""delay_fallback_invalid_levels"": 10, ""delay_not_requested"": 126, ""neutral"": 120, ""supportive"": 6}"
fold_07,SOFT_SUPPORTIVE_110_ADVERSE_060,2025-12-06T14:15:00,2026-01-27T04:37:30,211,211,"{""adverse"": 85, ""delay_not_requested"": 211, ""neutral"": 120, ""supportive"": 6}"
fold_08,FLAT72_15M_BASELINE_CONTROL,2026-01-27T04:37:30,2026-03-19T19:00:00,238,238,"{""adverse"": 70, ""delay_not_requested"": 238, ""neutral"": 160, ""supportive"": 8}"
fold_08,SOFT_RISK_075_ON_ADVERSE,2026-01-27T04:37:30,2026-03-19T19:00:00,238,238,"{""adverse"": 70, ""delay_not_requested"": 238, ""neutral"": 160, ""supportive"": 8}"
fold_08,SOFT_RISK_050_ON_ADVERSE,2026-01-27T04:37:30,2026-03-19T19:00:00,238,238,"{""adverse"": 70, ""delay_not_requested"": 238, ""neutral"": 160, ""supportive"": 8}"
fold_08,SOFT_DELAY_ONE_5M_IF_ADVERSE,2026-01-27T04:37:30,2026-03-19T19:00:00,238,238,"{""adverse"": 70, ""delay_applied"": 67, ""delay_fallback_invalid_levels"": 3, ""delay_not_requested"": 168, ""neutral"": 160, ""supportive"": 8}"
fold_08,SOFT_SUPPORTIVE_110_ADVERSE_060,2026-01-27T04:37:30,2026-03-19T19:00:00,238,238,"{""adverse"": 70, ""delay_not_requested"": 238, ""neutral"": 160, ""supportive"": 8}"
fold_09,FLAT72_15M_BASELINE_CONTROL,2026-03-19T19:00:00,2026-05-10T09:22:30,338,338,"{""adverse"": 100, ""delay_not_requested"": 338, ""neutral"": 223, ""supportive"": 15}"
fold_09,SOFT_RISK_075_ON_ADVERSE,2026-03-19T19:00:00,2026-05-10T09:22:30,338,338,"{""adverse"": 100, ""delay_not_requested"": 338, ""neutral"": 223, ""supportive"": 15}"
fold_09,SOFT_RISK_050_ON_ADVERSE,2026-03-19T19:00:00,2026-05-10T09:22:30,338,338,"{""adverse"": 100, ""delay_not_requested"": 338, ""neutral"": 223, ""supportive"": 15}"
fold_09,SOFT_DELAY_ONE_5M_IF_ADVERSE,2026-03-19T19:00:00,2026-05-10T09:22:30,338,338,"{""adverse"": 100, ""delay_applied"": 92, ""delay_fallback_invalid_levels"": 8, ""delay_not_requested"": 238, ""neutral"": 223, ""supportive"": 15}"
fold_09,SOFT_SUPPORTIVE_110_ADVERSE_060,2026-03-19T19:00:00,2026-05-10T09:22:30,338,338,"{""adverse"": 100, ""delay_not_requested"": 338, ""neutral"": 223, ""supportive"": 15}"
fold_10,FLAT72_15M_BASELINE_CONTROL,2026-05-10T09:22:30,2026-06-30T23:45:00,185,185,"{""adverse"": 79, ""delay_not_requested"": 185, ""neutral"": 100, ""supportive"": 6}"
fold_10,SOFT_RISK_075_ON_ADVERSE,2026-05-10T09:22:30,2026-06-30T23:45:00,185,185,"{""adverse"": 79, ""delay_not_requested"": 185, ""neutral"": 100, ""supportive"": 6}"
fold_10,SOFT_RISK_050_ON_ADVERSE,2026-05-10T09:22:30,2026-06-30T23:45:00,185,185,"{""adverse"": 79, ""delay_not_requested"": 185, ""neutral"": 100, ""supportive"": 6}"
fold_10,SOFT_DELAY_ONE_5M_IF_ADVERSE,2026-05-10T09:22:30,2026-06-30T23:45:00,185,185,"{""adverse"": 79, ""delay_applied"": 72, ""delay_fallback_invalid_levels"": 7, ""delay_not_requested"": 106, ""neutral"": 100, ""supportive"": 6}"
fold_10,SOFT_SUPPORTIVE_110_ADVERSE_060,2026-05-10T09:22:30,2026-06-30T23:45:00,185,185,"{""adverse"": 79, ""delay_not_requested"": 185, ""neutral"": 100, ""supportive"": 6}"
