group,value,candidates,allowed,blocked,allowed_pct,avg_risk_pct,min_risk_pct,max_risk_pct,full_risk_trades,reduced_risk_trades,zero_risk_trades
all,all,21520,5,21515,0.02,5e-06,0.0,0.005,0,22,21498
allowed,allowed,5,5,0,100.0,0.005,0.005,0.005,0,5,0
allowed,blocked,21515,0,21515,0.0,4e-06,0.0,0.005,0,17,21498
reason,allowed_full_balanced,5,5,0,100.0,0.005,0.005,0.005,0,5,0
reason,candle_type_filtered,9,0,9,0.0,0.0,0.0,0.0,0,0,9
reason,quality_skip,1466,0,1466,0.0,0.0,0.0,0.0,0,0,1466
reason,setup_filtered,9106,0,9106,0.0,9e-06,0.0,0.005,0,17,9089
reason,structure_skip,10934,0,10934,0.0,0.0,0.0,0.0,0,0,10934
universe_state,allowed,21520,5,21515,0.02,5e-06,0.0,0.005,0,22,21498
quality_decision,SKIP,1466,0,1466,0.0,0.0,0.0,0.0,0,0,1466
quality_decision,TAKE,40,0,40,0.0,0.002125,0.0,0.005,0,17,23
quality_decision,WATCH,20014,5,20009,0.02,1e-06,0.0,0.005,0,5,20009
structure_decision,SKIP,11973,0,11973,0.0,0.0,0.0,0.0,0,0,11973
structure_decision,TAKE,4484,0,4484,0.0,1.9e-05,0.0,0.005,0,17,4467
structure_decision,WATCH,5063,5,5058,0.1,5e-06,0.0,0.005,0,5,5058
quality_x_structure,SKIP+SKIP,1039,0,1039,0.0,0.0,0.0,0.0,0,0,1039
quality_x_structure,SKIP+TAKE,186,0,186,0.0,0.0,0.0,0.0,0,0,186
quality_x_structure,SKIP+WATCH,241,0,241,0.0,0.0,0.0,0.0,0,0,241
quality_x_structure,TAKE+SKIP,13,0,13,0.0,0.0,0.0,0.0,0,0,13
quality_x_structure,TAKE+TAKE,17,0,17,0.0,0.005,0.005,0.005,0,17,0
quality_x_structure,TAKE+WATCH,10,0,10,0.0,0.0,0.0,0.0,0,0,10
quality_x_structure,WATCH+SKIP,10921,0,10921,0.0,0.0,0.0,0.0,0,0,10921
quality_x_structure,WATCH+TAKE,4281,0,4281,0.0,0.0,0.0,0.0,0,0,4281
quality_x_structure,WATCH+WATCH,4812,5,4807,0.1,5e-06,0.0,0.005,0,5,4807
risk_bucket,reduced_risk,22,5,17,22.73,0.005,0.005,0.005,0,22,0
risk_bucket,zero_risk,21498,0,21498,0.0,0.0,0.0,0.0,0,0,21498
target_policy,allow_wider_trend_target,4208,0,4208,0.0,1.2e-05,0.0,0.005,0,10,4198
target_policy,no_trade,11973,0,11973,0.0,0.0,0.0,0.0,0,0,11973
target_policy,normal_target,5071,5,5066,0.1,5e-06,0.0,0.005,0,5,5066
target_policy,range_mid_or_opposite_boundary,268,0,268,0.0,0.000131,0.0,0.005,0,7,261
setup_type,breakout,17883,0,17883,0.0,2e-06,0.0,0.005,0,8,17875
setup_type,ignition,411,0,411,0.0,0.0,0.0,0.0,0,0,411
setup_type,liquidity_reclaim,1546,0,1546,0.0,0.0,0.0,0.0,0,0,1546
setup_type,pullback,529,0,529,0.0,1.9e-05,0.0,0.005,0,2,527
setup_type,pullback_resumption,19,5,14,26.32,0.001316,0.0,0.005,0,5,14
setup_type,pullback_resumption_strict,9,0,9,0.0,0.0,0.0,0.0,0,0,9
setup_type,range_rotation,1100,0,1100,0.0,3.2e-05,0.0,0.005,0,7,1093
setup_type,watch_impulse,23,0,23,0.0,0.0,0.0,0.0,0,0,23
trend_context,range,718,0,718,0.0,4.9e-05,0.0,0.005,0,7,711
trend_context,trend,20802,5,20797,0.02,4e-06,0.0,0.005,0,15,20787
volatility_regime,high,17791,0,17791,0.0,0.0,0.0,0.0,0,0,17791
volatility_regime,low,1392,2,1390,0.14,5e-05,0.0,0.005,0,14,1378
volatility_regime,normal,2337,3,2334,0.13,1.7e-05,0.0,0.005,0,8,2329
