fold,validation_start,validation_end,candidate,learning,plans,generated_trades,reason_counts
fold_01,2025-01-31T00:00:00,2025-03-23T14:22:30,FLAT72_RECOVERED_BASE_RAW,raw,193,193,"{""60m_trend_filter"": 1283, ""below_15m_ema200"": 25149, ""center_ban"": 148539, ""cooldown"": 94, ""insufficient_future_bars"": 3072, ""minimum_rr"": 16, ""no_lower_boundary_touch"": 57574, ""plan_created"": 193, ""range_too_narrow"": 7504, ""volume_filter"": 896}"
fold_01,2025-01-31T00:00:00,2025-03-23T14:22:30,FLAT72_RECOVERED_BASE_SOFT,soft,193,193,"{""60m_trend_filter"": 1283, ""below_15m_ema200"": 25149, ""center_ban"": 148539, ""cooldown"": 94, ""insufficient_future_bars"": 3072, ""minimum_rr"": 16, ""no_lower_boundary_touch"": 57574, ""plan_created"": 193, ""range_too_narrow"": 7504, ""volume_filter"": 896}"
fold_01,2025-01-31T00:00:00,2025-03-23T14:22:30,FLAT72_NO_60M_FILTER_RAW,raw,426,426,"{""below_15m_ema200"": 25149, ""center_ban"": 148539, ""cooldown"": 182, ""insufficient_future_bars"": 3072, ""minimum_rr"": 34, ""no_lower_boundary_touch"": 57574, ""plan_created"": 426, ""range_too_narrow"": 7504, ""volume_filter"": 1840}"
fold_01,2025-01-31T00:00:00,2025-03-23T14:22:30,FLAT72_FIXED_VOLUME_18_RAW,raw,199,199,"{""60m_trend_filter"": 1283, ""below_15m_ema200"": 25149, ""center_ban"": 148539, ""cooldown"": 104, ""insufficient_future_bars"": 3072, ""minimum_rr"": 16, ""no_lower_boundary_touch"": 57574, ""plan_created"": 199, ""range_too_narrow"": 7504, ""volume_filter"": 880}"
fold_01,2025-01-31T00:00:00,2025-03-23T14:22:30,FLAT72_FIXED_RR17_RAW,raw,207,207,"{""60m_trend_filter"": 1283, ""below_15m_ema200"": 25149, ""center_ban"": 148539, ""cooldown"": 96, ""insufficient_future_bars"": 3072, ""no_lower_boundary_touch"": 57574, ""plan_created"": 207, ""range_too_narrow"": 7504, ""volume_filter"": 896}"
fold_01,2025-01-31T00:00:00,2025-03-23T14:22:30,FLAT72_RANGE_ONLY_RAW,raw,4207,4207,"{""center_ban"": 152504, ""cooldown"": 2746, ""insufficient_future_bars"": 3072, ""minimum_rr"": 285, ""no_lower_boundary_touch"": 58037, ""plan_created"": 4207, ""range_too_narrow"": 7739, ""volume_filter"": 20530}"
fold_02,2025-03-23T14:22:30,2025-05-14T04:45:00,FLAT72_RECOVERED_BASE_RAW,raw,352,352,"{""60m_trend_filter"": 748, ""below_15m_ema200"": 22372, ""center_ban"": 150863, ""cooldown"": 109, ""insufficient_future_bars"": 3072, ""minimum_rr"": 36, ""no_lower_boundary_touch"": 55036, ""plan_created"": 352, ""range_too_narrow"": 10150, ""volume_filter"": 1550}"
fold_02,2025-03-23T14:22:30,2025-05-14T04:45:00,FLAT72_RECOVERED_BASE_SOFT,soft,352,352,"{""60m_trend_filter"": 748, ""below_15m_ema200"": 22372, ""center_ban"": 150863, ""cooldown"": 109, ""insufficient_future_bars"": 3072, ""minimum_rr"": 36, ""no_lower_boundary_touch"": 55036, ""plan_created"": 352, ""range_too_narrow"": 10150, ""volume_filter"": 1550}"
fold_02,2025-03-23T14:22:30,2025-05-14T04:45:00,FLAT72_NO_60M_FILTER_RAW,raw,473,473,"{""below_15m_ema200"": 22372, ""center_ban"": 150863, ""cooldown"": 151, ""insufficient_future_bars"": 3072, ""minimum_rr"": 47, ""no_lower_boundary_touch"": 55036, ""plan_created"": 473, ""range_too_narrow"": 10150, ""volume_filter"": 2124}"
fold_02,2025-03-23T14:22:30,2025-05-14T04:45:00,FLAT72_FIXED_VOLUME_18_RAW,raw,359,359,"{""60m_trend_filter"": 748, ""below_15m_ema200"": 22372, ""center_ban"": 150863, ""cooldown"": 120, ""insufficient_future_bars"": 3072, ""minimum_rr"": 38, ""no_lower_boundary_touch"": 55036, ""plan_created"": 359, ""range_too_narrow"": 10150, ""volume_filter"": 1530}"
fold_02,2025-03-23T14:22:30,2025-05-14T04:45:00,FLAT72_FIXED_RR17_RAW,raw,386,386,"{""60m_trend_filter"": 748, ""below_15m_ema200"": 22372, ""center_ban"": 150863, ""cooldown"": 111, ""insufficient_future_bars"": 3072, ""no_lower_boundary_touch"": 55036, ""plan_created"": 386, ""range_too_narrow"": 10150, ""volume_filter"": 1550}"
fold_02,2025-03-23T14:22:30,2025-05-14T04:45:00,FLAT72_RANGE_ONLY_RAW,raw,4101,4101,"{""center_ban"": 153954, ""cooldown"": 2472, ""insufficient_future_bars"": 3072, ""minimum_rr"": 329, ""no_lower_boundary_touch"": 55973, ""plan_created"": 4101, ""range_too_narrow"": 10582, ""volume_filter"": 18605}"
fold_03,2025-05-14T04:45:00,2025-07-04T19:07:30,FLAT72_RECOVERED_BASE_RAW,raw,312,312,"{""60m_trend_filter"": 708, ""below_15m_ema200"": 19624, ""center_ban"": 150402, ""cooldown"": 83, ""insufficient_future_bars"": 3072, ""minimum_rr"": 37, ""no_lower_boundary_touch"": 51973, ""plan_created"": 312, ""range_too_narrow"": 16745, ""volume_filter"": 1364}"
fold_03,2025-05-14T04:45:00,2025-07-04T19:07:30,FLAT72_RECOVERED_BASE_SOFT,soft,312,312,"{""60m_trend_filter"": 708, ""below_15m_ema200"": 19624, ""center_ban"": 150402, ""cooldown"": 83, ""insufficient_future_bars"": 3072, ""minimum_rr"": 37, ""no_lower_boundary_touch"": 51973, ""plan_created"": 312, ""range_too_narrow"": 16745, ""volume_filter"": 1364}"
fold_03,2025-05-14T04:45:00,2025-07-04T19:07:30,FLAT72_NO_60M_FILTER_RAW,raw,442,442,"{""below_15m_ema200"": 19624, ""center_ban"": 150402, ""cooldown"": 107, ""insufficient_future_bars"": 3072, ""minimum_rr"": 48, ""no_lower_boundary_touch"": 51973, ""plan_created"": 442, ""range_too_narrow"": 16745, ""volume_filter"": 1907}"
fold_03,2025-05-14T04:45:00,2025-07-04T19:07:30,FLAT72_FIXED_VOLUME_18_RAW,raw,316,316,"{""60m_trend_filter"": 708, ""below_15m_ema200"": 19624, ""center_ban"": 150402, ""cooldown"": 91, ""insufficient_future_bars"": 3072, ""minimum_rr"": 44, ""no_lower_boundary_touch"": 51973, ""plan_created"": 316, ""range_too_narrow"": 16745, ""volume_filter"": 1345}"
fold_03,2025-05-14T04:45:00,2025-07-04T19:07:30,FLAT72_FIXED_RR17_RAW,raw,347,347,"{""60m_trend_filter"": 708, ""below_15m_ema200"": 19624, ""center_ban"": 150402, ""cooldown"": 85, ""insufficient_future_bars"": 3072, ""no_lower_boundary_touch"": 51973, ""plan_created"": 347, ""range_too_narrow"": 16745, ""volume_filter"": 1364}"
fold_03,2025-05-14T04:45:00,2025-07-04T19:07:30,FLAT72_RANGE_ONLY_RAW,raw,3976,3976,"{""center_ban"": 152400, ""cooldown"": 2241, ""insufficient_future_bars"": 3072, ""minimum_rr"": 300, ""no_lower_boundary_touch"": 53811, ""plan_created"": 3976, ""range_too_narrow"": 16938, ""volume_filter"": 16382}"
fold_04,2025-07-04T19:07:30,2025-08-25T09:30:00,FLAT72_RECOVERED_BASE_RAW,raw,354,354,"{""60m_trend_filter"": 875, ""below_15m_ema200"": 18634, ""center_ban"": 153639, ""cooldown"": 112, ""insufficient_future_bars"": 3072, ""minimum_rr"": 58, ""no_lower_boundary_touch"": 47831, ""plan_created"": 354, ""range_too_narrow"": 18170, ""volume_filter"": 1543}"
fold_04,2025-07-04T19:07:30,2025-08-25T09:30:00,FLAT72_RECOVERED_BASE_SOFT,soft,354,354,"{""60m_trend_filter"": 875, ""below_15m_ema200"": 18634, ""center_ban"": 153639, ""cooldown"": 112, ""insufficient_future_bars"": 3072, ""minimum_rr"": 58, ""no_lower_boundary_touch"": 47831, ""plan_created"": 354, ""range_too_narrow"": 18170, ""volume_filter"": 1543}"
fold_04,2025-07-04T19:07:30,2025-08-25T09:30:00,FLAT72_NO_60M_FILTER_RAW,raw,479,479,"{""below_15m_ema200"": 18634, ""center_ban"": 153639, ""cooldown"": 134, ""insufficient_future_bars"": 3072, ""minimum_rr"": 75, ""no_lower_boundary_touch"": 47831, ""plan_created"": 479, ""range_too_narrow"": 18170, ""volume_filter"": 2254}"
fold_04,2025-07-04T19:07:30,2025-08-25T09:30:00,FLAT72_FIXED_VOLUME_18_RAW,raw,359,359,"{""60m_trend_filter"": 875, ""below_15m_ema200"": 18634, ""center_ban"": 153639, ""cooldown"": 116, ""insufficient_future_bars"": 3072, ""minimum_rr"": 61, ""no_lower_boundary_touch"": 47831, ""plan_created"": 359, ""range_too_narrow"": 18170, ""volume_filter"": 1531}"
fold_04,2025-07-04T19:07:30,2025-08-25T09:30:00,FLAT72_FIXED_RR17_RAW,raw,405,405,"{""60m_trend_filter"": 875, ""below_15m_ema200"": 18634, ""center_ban"": 153639, ""cooldown"": 119, ""insufficient_future_bars"": 3072, ""no_lower_boundary_touch"": 47831, ""plan_created"": 405, ""range_too_narrow"": 18170, ""volume_filter"": 1543}"
fold_04,2025-07-04T19:07:30,2025-08-25T09:30:00,FLAT72_RANGE_ONLY_RAW,raw,3764,3764,"{""center_ban"": 156246, ""cooldown"": 2119, ""insufficient_future_bars"": 3072, ""minimum_rr"": 302, ""no_lower_boundary_touch"": 49251, ""plan_created"": 3764, ""range_too_narrow"": 18315, ""volume_filter"": 16019}"
fold_05,2025-08-25T09:30:00,2025-10-15T23:52:30,FLAT72_RECOVERED_BASE_RAW,raw,292,292,"{""60m_trend_filter"": 610, ""below_15m_ema200"": 20481, ""center_ban"": 145834, ""cooldown"": 85, ""insufficient_future_bars"": 3072, ""minimum_rr"": 36, ""no_lower_boundary_touch"": 51994, ""plan_created"": 292, ""range_too_narrow"": 20665, ""volume_filter"": 1251}"
fold_05,2025-08-25T09:30:00,2025-10-15T23:52:30,FLAT72_RECOVERED_BASE_SOFT,soft,292,292,"{""60m_trend_filter"": 610, ""below_15m_ema200"": 20481, ""center_ban"": 145834, ""cooldown"": 85, ""insufficient_future_bars"": 3072, ""minimum_rr"": 36, ""no_lower_boundary_touch"": 51994, ""plan_created"": 292, ""range_too_narrow"": 20665, ""volume_filter"": 1251}"
fold_05,2025-08-25T09:30:00,2025-10-15T23:52:30,FLAT72_NO_60M_FILTER_RAW,raw,396,396,"{""below_15m_ema200"": 20481, ""center_ban"": 145834, ""cooldown"": 124, ""insufficient_future_bars"": 3072, ""minimum_rr"": 48, ""no_lower_boundary_touch"": 51994, ""plan_created"": 396, ""range_too_narrow"": 20665, ""volume_filter"": 1706}"
fold_05,2025-08-25T09:30:00,2025-10-15T23:52:30,FLAT72_FIXED_VOLUME_18_RAW,raw,279,279,"{""60m_trend_filter"": 610, ""below_15m_ema200"": 20481, ""center_ban"": 145834, ""cooldown"": 88, ""insufficient_future_bars"": 3072, ""minimum_rr"": 35, ""no_lower_boundary_touch"": 51994, ""plan_created"": 279, ""range_too_narrow"": 20665, ""volume_filter"": 1262}"
fold_05,2025-08-25T09:30:00,2025-10-15T23:52:30,FLAT72_FIXED_RR17_RAW,raw,325,325,"{""60m_trend_filter"": 610, ""below_15m_ema200"": 20481, ""center_ban"": 145834, ""cooldown"": 88, ""insufficient_future_bars"": 3072, ""no_lower_boundary_touch"": 51994, ""plan_created"": 325, ""range_too_narrow"": 20665, ""volume_filter"": 1251}"
fold_05,2025-08-25T09:30:00,2025-10-15T23:52:30,FLAT72_RANGE_ONLY_RAW,raw,3936,3936,"{""center_ban"": 149696, ""cooldown"": 2423, ""insufficient_future_bars"": 3072, ""minimum_rr"": 313, ""no_lower_boundary_touch"": 52390, ""plan_created"": 3936, ""range_too_narrow"": 21090, ""volume_filter"": 16200}"
fold_06,2025-10-15T23:52:30,2025-12-06T14:15:00,FLAT72_RECOVERED_BASE_RAW,raw,218,218,"{""60m_trend_filter"": 1050, ""below_15m_ema200"": 21780, ""center_ban"": 148773, ""cooldown"": 69, ""insufficient_future_bars"": 3072, ""minimum_rr"": 37, ""no_lower_boundary_touch"": 54953, ""plan_created"": 218, ""range_too_narrow"": 13370, ""volume_filter"": 966}"
fold_06,2025-10-15T23:52:30,2025-12-06T14:15:00,FLAT72_RECOVERED_BASE_SOFT,soft,218,218,"{""60m_trend_filter"": 1050, ""below_15m_ema200"": 21780, ""center_ban"": 148773, ""cooldown"": 69, ""insufficient_future_bars"": 3072, ""minimum_rr"": 37, ""no_lower_boundary_touch"": 54953, ""plan_created"": 218, ""range_too_narrow"": 13370, ""volume_filter"": 966}"
fold_06,2025-10-15T23:52:30,2025-12-06T14:15:00,FLAT72_NO_60M_FILTER_RAW,raw,428,428,"{""below_15m_ema200"": 21780, ""center_ban"": 148773, ""cooldown"": 137, ""insufficient_future_bars"": 3072, ""minimum_rr"": 73, ""no_lower_boundary_touch"": 54953, ""plan_created"": 428, ""range_too_narrow"": 13370, ""volume_filter"": 1702}"
fold_06,2025-10-15T23:52:30,2025-12-06T14:15:00,FLAT72_FIXED_VOLUME_18_RAW,raw,211,211,"{""60m_trend_filter"": 1050, ""below_15m_ema200"": 21780, ""center_ban"": 148773, ""cooldown"": 68, ""insufficient_future_bars"": 3072, ""minimum_rr"": 34, ""no_lower_boundary_touch"": 54953, ""plan_created"": 211, ""range_too_narrow"": 13370, ""volume_filter"": 977}"
fold_06,2025-10-15T23:52:30,2025-12-06T14:15:00,FLAT72_FIXED_RR17_RAW,raw,254,254,"{""60m_trend_filter"": 1050, ""below_15m_ema200"": 21780, ""center_ban"": 148773, ""cooldown"": 70, ""insufficient_future_bars"": 3072, ""no_lower_boundary_touch"": 54953, ""plan_created"": 254, ""range_too_narrow"": 13370, ""volume_filter"": 966}"
fold_06,2025-10-15T23:52:30,2025-12-06T14:15:00,FLAT72_RANGE_ONLY_RAW,raw,4104,4104,"{""center_ban"": 151945, ""cooldown"": 2539, ""insufficient_future_bars"": 3072, ""minimum_rr"": 372, ""no_lower_boundary_touch"": 55707, ""plan_created"": 4104, ""range_too_narrow"": 13905, ""volume_filter"": 17444}"
fold_07,2025-12-06T14:15:00,2026-01-27T04:37:30,FLAT72_RECOVERED_BASE_RAW,raw,211,211,"{""60m_trend_filter"": 902, ""below_15m_ema200"": 20324, ""center_ban"": 139565, ""cooldown"": 70, ""insufficient_future_bars"": 3072, ""minimum_rr"": 15, ""no_lower_boundary_touch"": 57167, ""plan_created"": 211, ""range_too_narrow"": 21979, ""volume_filter"": 1015}"
fold_07,2025-12-06T14:15:00,2026-01-27T04:37:30,FLAT72_RECOVERED_BASE_SOFT,soft,211,211,"{""60m_trend_filter"": 902, ""below_15m_ema200"": 20324, ""center_ban"": 139565, ""cooldown"": 70, ""insufficient_future_bars"": 3072, ""minimum_rr"": 15, ""no_lower_boundary_touch"": 57167, ""plan_created"": 211, ""range_too_narrow"": 21979, ""volume_filter"": 1015}"
fold_07,2025-12-06T14:15:00,2026-01-27T04:37:30,FLAT72_NO_60M_FILTER_RAW,raw,352,352,"{""below_15m_ema200"": 20324, ""center_ban"": 139565, ""cooldown"": 105, ""insufficient_future_bars"": 3072, ""minimum_rr"": 47, ""no_lower_boundary_touch"": 57167, ""plan_created"": 352, ""range_too_narrow"": 21979, ""volume_filter"": 1709}"
fold_07,2025-12-06T14:15:00,2026-01-27T04:37:30,FLAT72_FIXED_VOLUME_18_RAW,raw,211,211,"{""60m_trend_filter"": 902, ""below_15m_ema200"": 20324, ""center_ban"": 139565, ""cooldown"": 63, ""insufficient_future_bars"": 3072, ""minimum_rr"": 13, ""no_lower_boundary_touch"": 57167, ""plan_created"": 211, ""range_too_narrow"": 21979, ""volume_filter"": 1024}"
fold_07,2025-12-06T14:15:00,2026-01-27T04:37:30,FLAT72_FIXED_RR17_RAW,raw,225,225,"{""60m_trend_filter"": 902, ""below_15m_ema200"": 20324, ""center_ban"": 139565, ""cooldown"": 71, ""insufficient_future_bars"": 3072, ""no_lower_boundary_touch"": 57167, ""plan_created"": 225, ""range_too_narrow"": 21979, ""volume_filter"": 1015}"
fold_07,2025-12-06T14:15:00,2026-01-27T04:37:30,FLAT72_RANGE_ONLY_RAW,raw,3725,3725,"{""center_ban"": 143088, ""cooldown"": 2295, ""insufficient_future_bars"": 3072, ""minimum_rr"": 391, ""no_lower_boundary_touch"": 57968, ""plan_created"": 3725, ""range_too_narrow"": 22030, ""volume_filter"": 16551}"
fold_08,2026-01-27T04:37:30,2026-03-19T19:00:00,FLAT72_RECOVERED_BASE_RAW,raw,238,238,"{""60m_trend_filter"": 520, ""below_15m_ema200"": 20236, ""center_ban"": 141197, ""cooldown"": 63, ""insufficient_future_bars"": 3072, ""invalid_range"": 2198, ""minimum_rr"": 37, ""no_lower_boundary_touch"": 57075, ""plan_created"": 238, ""range_too_narrow"": 18312, ""volume_filter"": 1340}"
fold_08,2026-01-27T04:37:30,2026-03-19T19:00:00,FLAT72_RECOVERED_BASE_SOFT,soft,238,238,"{""60m_trend_filter"": 520, ""below_15m_ema200"": 20236, ""center_ban"": 141197, ""cooldown"": 63, ""insufficient_future_bars"": 3072, ""invalid_range"": 2198, ""minimum_rr"": 37, ""no_lower_boundary_touch"": 57075, ""plan_created"": 238, ""range_too_narrow"": 18312, ""volume_filter"": 1340}"
fold_08,2026-01-27T04:37:30,2026-03-19T19:00:00,FLAT72_NO_60M_FILTER_RAW,raw,349,349,"{""below_15m_ema200"": 20236, ""center_ban"": 141197, ""cooldown"": 95, ""insufficient_future_bars"": 3072, ""invalid_range"": 2198, ""minimum_rr"": 46, ""no_lower_boundary_touch"": 57075, ""plan_created"": 349, ""range_too_narrow"": 18312, ""volume_filter"": 1708}"
fold_08,2026-01-27T04:37:30,2026-03-19T19:00:00,FLAT72_FIXED_VOLUME_18_RAW,raw,249,249,"{""60m_trend_filter"": 520, ""below_15m_ema200"": 20236, ""center_ban"": 141197, ""cooldown"": 61, ""insufficient_future_bars"": 3072, ""invalid_range"": 2198, ""minimum_rr"": 39, ""no_lower_boundary_touch"": 57075, ""plan_created"": 249, ""range_too_narrow"": 18312, ""volume_filter"": 1329}"
fold_08,2026-01-27T04:37:30,2026-03-19T19:00:00,FLAT72_FIXED_RR17_RAW,raw,269,269,"{""60m_trend_filter"": 520, ""below_15m_ema200"": 20236, ""center_ban"": 141197, ""cooldown"": 69, ""insufficient_future_bars"": 3072, ""invalid_range"": 2198, ""no_lower_boundary_touch"": 57075, ""plan_created"": 269, ""range_too_narrow"": 18312, ""volume_filter"": 1340}"
fold_08,2026-01-27T04:37:30,2026-03-19T19:00:00,FLAT72_RANGE_ONLY_RAW,raw,4123,4123,"{""center_ban"": 142953, ""cooldown"": 2507, ""insufficient_future_bars"": 3072, ""invalid_range"": 2198, ""minimum_rr"": 445, ""no_lower_boundary_touch"": 58912, ""plan_created"": 4123, ""range_too_narrow"": 18848, ""volume_filter"": 16030}"
fold_09,2026-03-19T19:00:00,2026-05-10T09:22:30,FLAT72_RECOVERED_BASE_RAW,raw,338,338,"{""60m_trend_filter"": 534, ""below_15m_ema200"": 17347, ""center_ban"": 130053, ""cooldown"": 91, ""insufficient_future_bars"": 3072, ""invalid_range"": 7152, ""minimum_rr"": 58, ""no_lower_boundary_touch"": 54239, ""plan_created"": 338, ""range_too_narrow"": 29705, ""volume_filter"": 1731}"
fold_09,2026-03-19T19:00:00,2026-05-10T09:22:30,FLAT72_RECOVERED_BASE_SOFT,soft,338,338,"{""60m_trend_filter"": 534, ""below_15m_ema200"": 17347, ""center_ban"": 130053, ""cooldown"": 91, ""insufficient_future_bars"": 3072, ""invalid_range"": 7152, ""minimum_rr"": 58, ""no_lower_boundary_touch"": 54239, ""plan_created"": 338, ""range_too_narrow"": 29705, ""volume_filter"": 1731}"
fold_09,2026-03-19T19:00:00,2026-05-10T09:22:30,FLAT72_NO_60M_FILTER_RAW,raw,410,410,"{""below_15m_ema200"": 17347, ""center_ban"": 130053, ""cooldown"": 107, ""insufficient_future_bars"": 3072, ""invalid_range"": 7152, ""minimum_rr"": 71, ""no_lower_boundary_touch"": 54239, ""plan_created"": 410, ""range_too_narrow"": 29705, ""volume_filter"": 2164}"
fold_09,2026-03-19T19:00:00,2026-05-10T09:22:30,FLAT72_FIXED_VOLUME_18_RAW,raw,335,335,"{""60m_trend_filter"": 534, ""below_15m_ema200"": 17347, ""center_ban"": 130053, ""cooldown"": 91, ""insufficient_future_bars"": 3072, ""invalid_range"": 7152, ""minimum_rr"": 60, ""no_lower_boundary_touch"": 54239, ""plan_created"": 335, ""range_too_narrow"": 29705, ""volume_filter"": 1732}"
fold_09,2026-03-19T19:00:00,2026-05-10T09:22:30,FLAT72_FIXED_RR17_RAW,raw,385,385,"{""60m_trend_filter"": 534, ""below_15m_ema200"": 17347, ""center_ban"": 130053, ""cooldown"": 102, ""insufficient_future_bars"": 3072, ""invalid_range"": 7152, ""no_lower_boundary_touch"": 54239, ""plan_created"": 385, ""range_too_narrow"": 29705, ""volume_filter"": 1731}"
fold_09,2026-03-19T19:00:00,2026-05-10T09:22:30,FLAT72_RANGE_ONLY_RAW,raw,3561,3561,"{""center_ban"": 131927, ""cooldown"": 1828, ""insufficient_future_bars"": 3072, ""invalid_range"": 7152, ""minimum_rr"": 334, ""no_lower_boundary_touch"": 56181, ""plan_created"": 3561, ""range_too_narrow"": 29813, ""volume_filter"": 15252}"
fold_10,2026-05-10T09:22:30,2026-06-30T23:45:00,FLAT72_RECOVERED_BASE_RAW,raw,185,185,"{""60m_trend_filter"": 702, ""below_15m_ema200"": 16262, ""center_ban"": 134152, ""cooldown"": 41, ""indicator_warmup"": 8345, ""insufficient_future_bars"": 2880, ""minimum_rr"": 33, ""no_lower_boundary_touch"": 52764, ""plan_created"": 185, ""range_too_narrow"": 27941, ""volume_filter"": 983}"
fold_10,2026-05-10T09:22:30,2026-06-30T23:45:00,FLAT72_RECOVERED_BASE_SOFT,soft,185,185,"{""60m_trend_filter"": 702, ""below_15m_ema200"": 16262, ""center_ban"": 134152, ""cooldown"": 41, ""indicator_warmup"": 8345, ""insufficient_future_bars"": 2880, ""minimum_rr"": 33, ""no_lower_boundary_touch"": 52764, ""plan_created"": 185, ""range_too_narrow"": 27941, ""volume_filter"": 983}"
fold_10,2026-05-10T09:22:30,2026-06-30T23:45:00,FLAT72_NO_60M_FILTER_RAW,raw,318,318,"{""below_15m_ema200"": 16262, ""center_ban"": 134152, ""cooldown"": 70, ""indicator_warmup"": 8345, ""insufficient_future_bars"": 2880, ""minimum_rr"": 40, ""no_lower_boundary_touch"": 52764, ""plan_created"": 318, ""range_too_narrow"": 27941, ""volume_filter"": 1516}"
fold_10,2026-05-10T09:22:30,2026-06-30T23:45:00,FLAT72_FIXED_VOLUME_18_RAW,raw,192,192,"{""60m_trend_filter"": 702, ""below_15m_ema200"": 16262, ""center_ban"": 134152, ""cooldown"": 50, ""indicator_warmup"": 8345, ""insufficient_future_bars"": 2880, ""minimum_rr"": 35, ""no_lower_boundary_touch"": 52764, ""plan_created"": 192, ""range_too_narrow"": 27941, ""volume_filter"": 965}"
fold_10,2026-05-10T09:22:30,2026-06-30T23:45:00,FLAT72_FIXED_RR17_RAW,raw,218,218,"{""60m_trend_filter"": 702, ""below_15m_ema200"": 16262, ""center_ban"": 134152, ""cooldown"": 41, ""indicator_warmup"": 8345, ""insufficient_future_bars"": 2880, ""no_lower_boundary_touch"": 52764, ""plan_created"": 218, ""range_too_narrow"": 27941, ""volume_filter"": 983}"
fold_10,2026-05-10T09:22:30,2026-06-30T23:45:00,FLAT72_RANGE_ONLY_RAW,raw,3768,3768,"{""center_ban"": 135981, ""cooldown"": 1996, ""indicator_warmup"": 8495, ""insufficient_future_bars"": 2880, ""minimum_rr"": 340, ""no_lower_boundary_touch"": 54298, ""plan_created"": 3768, ""range_too_narrow"": 28729, ""volume_filter"": 12601}"
