fold,candidate,state_counts,blocked_allowed_signals,risk_adjusted_allowed_signals,avg_risk_multiplier,missing_generated_sources
fold_01,RANK_CONTROL_NO_OVERLAY,"{'bottom': 23, 'lower_mid': 12, 'missing': 101, 'top': 28, 'upper_mid': 29}",0,40,1.0,0
fold_01,RANK_SYMBOL_SOFT_RISK,"{'bottom': 23, 'lower_mid': 12, 'missing': 101, 'top': 28, 'upper_mid': 29}",0,40,0.856477,0
fold_01,RANK_SECTOR_SOFT_RISK,"{'bottom': 23, 'lower_mid': 12, 'missing': 101, 'top': 28, 'upper_mid': 29}",0,40,0.856477,0
fold_01,RANK_HYBRID_SOFT_RISK,"{'bottom': 23, 'lower_mid': 12, 'missing': 101, 'top': 28, 'upper_mid': 29}",0,40,0.81658,0
fold_01,RANK_HYBRID_BOTTOM_QUARTILE_GATE,"{'bottom': 23, 'lower_mid': 12, 'missing': 101, 'top': 28, 'upper_mid': 29}",4,36,0.895337,0
fold_02,RANK_CONTROL_NO_OVERLAY,"{'bottom': 47, 'lower_mid': 89, 'missing': 68, 'top': 68, 'upper_mid': 80}",0,60,1.0,0
fold_02,RANK_SYMBOL_SOFT_RISK,"{'bottom': 47, 'lower_mid': 89, 'missing': 68, 'top': 68, 'upper_mid': 80}",0,60,0.857813,0
fold_02,RANK_SECTOR_SOFT_RISK,"{'bottom': 47, 'lower_mid': 89, 'missing': 68, 'top': 68, 'upper_mid': 80}",0,60,0.875568,0
fold_02,RANK_HYBRID_SOFT_RISK,"{'bottom': 47, 'lower_mid': 89, 'missing': 68, 'top': 68, 'upper_mid': 80}",0,60,0.815341,0
fold_02,RANK_HYBRID_BOTTOM_QUARTILE_GATE,"{'bottom': 47, 'lower_mid': 89, 'missing': 68, 'top': 68, 'upper_mid': 80}",3,57,0.961364,0
fold_03,RANK_CONTROL_NO_OVERLAY,"{'bottom': 55, 'lower_mid': 57, 'missing': 77, 'top': 52, 'upper_mid': 71}",0,182,1.0,0
fold_03,RANK_SYMBOL_SOFT_RISK,"{'bottom': 55, 'lower_mid': 57, 'missing': 77, 'top': 52, 'upper_mid': 71}",0,182,0.850801,0
fold_03,RANK_SECTOR_SOFT_RISK,"{'bottom': 55, 'lower_mid': 57, 'missing': 77, 'top': 52, 'upper_mid': 71}",0,182,0.860417,0
fold_03,RANK_HYBRID_SOFT_RISK,"{'bottom': 55, 'lower_mid': 57, 'missing': 77, 'top': 52, 'upper_mid': 71}",0,182,0.801603,0
fold_03,RANK_HYBRID_BOTTOM_QUARTILE_GATE,"{'bottom': 55, 'lower_mid': 57, 'missing': 77, 'top': 52, 'upper_mid': 71}",22,160,0.950641,0
fold_04,RANK_CONTROL_NO_OVERLAY,"{'bottom': 59, 'lower_mid': 90, 'missing': 60, 'top': 61, 'upper_mid': 84}",0,62,1.0,0
fold_04,RANK_SYMBOL_SOFT_RISK,"{'bottom': 59, 'lower_mid': 90, 'missing': 60, 'top': 61, 'upper_mid': 84}",0,62,0.859181,0
fold_04,RANK_SECTOR_SOFT_RISK,"{'bottom': 59, 'lower_mid': 90, 'missing': 60, 'top': 61, 'upper_mid': 84}",0,62,0.835169,0
fold_04,RANK_HYBRID_SOFT_RISK,"{'bottom': 59, 'lower_mid': 90, 'missing': 60, 'top': 61, 'upper_mid': 84}",0,62,0.8,0
fold_04,RANK_HYBRID_BOTTOM_QUARTILE_GATE,"{'bottom': 59, 'lower_mid': 90, 'missing': 60, 'top': 61, 'upper_mid': 84}",5,57,0.966102,0
fold_05,RANK_CONTROL_NO_OVERLAY,"{'bottom': 44, 'lower_mid': 42, 'missing': 74, 'top': 59, 'upper_mid': 73}",0,118,1.0,0
fold_05,RANK_SYMBOL_SOFT_RISK,"{'bottom': 44, 'lower_mid': 42, 'missing': 74, 'top': 59, 'upper_mid': 73}",0,118,0.863699,0
fold_05,RANK_SECTOR_SOFT_RISK,"{'bottom': 44, 'lower_mid': 42, 'missing': 74, 'top': 59, 'upper_mid': 73}",0,118,0.855137,0
fold_05,RANK_HYBRID_SOFT_RISK,"{'bottom': 44, 'lower_mid': 42, 'missing': 74, 'top': 59, 'upper_mid': 73}",0,118,0.826027,0
fold_05,RANK_HYBRID_BOTTOM_QUARTILE_GATE,"{'bottom': 44, 'lower_mid': 42, 'missing': 74, 'top': 59, 'upper_mid': 73}",17,101,0.949315,0
fold_06,RANK_CONTROL_NO_OVERLAY,"{'bottom': 29, 'lower_mid': 39, 'missing': 106, 'top': 17, 'upper_mid': 27}",0,77,1.0,0
fold_06,RANK_SYMBOL_SOFT_RISK,"{'bottom': 29, 'lower_mid': 39, 'missing': 106, 'top': 17, 'upper_mid': 27}",0,77,0.85,0
fold_06,RANK_SECTOR_SOFT_RISK,"{'bottom': 29, 'lower_mid': 39, 'missing': 106, 'top': 17, 'upper_mid': 27}",0,77,0.835092,0
fold_06,RANK_HYBRID_SOFT_RISK,"{'bottom': 29, 'lower_mid': 39, 'missing': 106, 'top': 17, 'upper_mid': 27}",0,77,0.777982,0
fold_06,RANK_HYBRID_BOTTOM_QUARTILE_GATE,"{'bottom': 29, 'lower_mid': 39, 'missing': 106, 'top': 17, 'upper_mid': 27}",10,67,0.902752,0
fold_07,RANK_CONTROL_NO_OVERLAY,"{'bottom': 43, 'lower_mid': 33, 'missing': 64, 'top': 30, 'upper_mid': 41}",0,134,1.0,0
fold_07,RANK_SYMBOL_SOFT_RISK,"{'bottom': 43, 'lower_mid': 33, 'missing': 64, 'top': 30, 'upper_mid': 41}",0,134,0.842891,0
fold_07,RANK_SECTOR_SOFT_RISK,"{'bottom': 43, 'lower_mid': 33, 'missing': 64, 'top': 30, 'upper_mid': 41}",0,134,0.844076,0
fold_07,RANK_HYBRID_SOFT_RISK,"{'bottom': 43, 'lower_mid': 33, 'missing': 64, 'top': 30, 'upper_mid': 41}",0,134,0.785308,0
fold_07,RANK_HYBRID_BOTTOM_QUARTILE_GATE,"{'bottom': 43, 'lower_mid': 33, 'missing': 64, 'top': 30, 'upper_mid': 41}",26,108,0.939336,0
fold_08,RANK_CONTROL_NO_OVERLAY,"{'bottom': 23, 'lower_mid': 35, 'missing': 106, 'top': 33, 'upper_mid': 41}",0,67,1.0,0
fold_08,RANK_SYMBOL_SOFT_RISK,"{'bottom': 23, 'lower_mid': 35, 'missing': 106, 'top': 33, 'upper_mid': 41}",0,67,0.854202,0
fold_08,RANK_SECTOR_SOFT_RISK,"{'bottom': 23, 'lower_mid': 35, 'missing': 106, 'top': 33, 'upper_mid': 41}",0,67,0.860504,0
fold_08,RANK_HYBRID_SOFT_RISK,"{'bottom': 23, 'lower_mid': 35, 'missing': 106, 'top': 33, 'upper_mid': 41}",0,67,0.815126,0
fold_08,RANK_HYBRID_BOTTOM_QUARTILE_GATE,"{'bottom': 23, 'lower_mid': 35, 'missing': 106, 'top': 33, 'upper_mid': 41}",3,64,0.910924,0
fold_09,RANK_CONTROL_NO_OVERLAY,"{'bottom': 58, 'lower_mid': 64, 'missing': 62, 'top': 73, 'upper_mid': 81}",0,58,1.0,0
fold_09,RANK_SYMBOL_SOFT_RISK,"{'bottom': 58, 'lower_mid': 64, 'missing': 62, 'top': 73, 'upper_mid': 81}",0,58,0.857396,0
fold_09,RANK_SECTOR_SOFT_RISK,"{'bottom': 58, 'lower_mid': 64, 'missing': 62, 'top': 73, 'upper_mid': 81}",0,58,0.867012,0
fold_09,RANK_HYBRID_SOFT_RISK,"{'bottom': 58, 'lower_mid': 64, 'missing': 62, 'top': 73, 'upper_mid': 81}",0,58,0.818343,0
fold_09,RANK_HYBRID_BOTTOM_QUARTILE_GATE,"{'bottom': 58, 'lower_mid': 64, 'missing': 62, 'top': 73, 'upper_mid': 81}",7,51,0.963314,0
fold_10,RANK_CONTROL_NO_OVERLAY,"{'bottom': 17, 'lower_mid': 20, 'missing': 95, 'top': 23, 'upper_mid': 30}",0,98,1.0,0
fold_10,RANK_SYMBOL_SOFT_RISK,"{'bottom': 17, 'lower_mid': 20, 'missing': 95, 'top': 23, 'upper_mid': 30}",0,98,0.862162,0
fold_10,RANK_SECTOR_SOFT_RISK,"{'bottom': 17, 'lower_mid': 20, 'missing': 95, 'top': 23, 'upper_mid': 30}",0,98,0.862162,0
fold_10,RANK_HYBRID_SOFT_RISK,"{'bottom': 17, 'lower_mid': 20, 'missing': 95, 'top': 23, 'upper_mid': 30}",0,98,0.815135,0
fold_10,RANK_HYBRID_BOTTOM_QUARTILE_GATE,"{'bottom': 17, 'lower_mid': 20, 'missing': 95, 'top': 23, 'upper_mid': 30}",6,92,0.897297,0
